Date,i,pi,UNRATE,YLVL,SPREAD,r_real,y_log,x_gap_proxy,x_gap_est,rn_est
2006-03-01,5.0,3.3608050987300686,4.7,16353.835,0.34000000000000075,1.6391949012699314,9.70221770539623,,-0.4547864826025348,1.9912618556075614
2006-04-01,4.86,3.550068538934159,4.7,16396.151,0.41999999999999993,1.3099314610658412,9.704801891145129,,-0.2863327801437622,1.8294858083436636
2006-05-01,5.05,3.90021578032691,4.7,16396.151,0.3799999999999999,1.1497842196730899,9.704801891145129,,-0.26987340429141315,1.6959896236134526
2006-06-01,5.05,4.096653750655843,4.7,16396.151,0.28000000000000025,0.9533462493441567,9.704801891145129,,-0.27302999760551644,1.5898757381900763
2006-07-01,5.31,4.022664031825407,4.7,16420.738,0.020000000000000462,1.2873359681745926,9.70630032718521,,-0.2637141221800033,1.5107196024808043
2006-08-01,5.31,3.8514387586324084,4.7,16420.738,-0.17999999999999972,1.4585612413675912,9.70630032718521,,-0.27499473981071115,1.4534260864358928
2006-09-01,5.34,1.992097749455457,4.7,16420.738,-0.1299999999999999,3.347902250544543,9.70630032718521,,-0.2683580450120341,1.4145216074327078
2006-10-01,5.31,1.3965314248641114,4.4,16561.866,-0.33999999999999986,3.913468575135888,9.714858102750625,,-0.1623577000443515,1.3698818696561355
2006-11-01,5.31,1.9495743696699819,4.4,16561.866,-0.4400000000000004,3.3604256303300177,9.714858102750625,,-0.16960744948713719,1.3138052521362014
2006-12-01,5.17,2.492651488183384,4.4,16561.866,-0.17999999999999972,2.677348511816616,9.714858102750625,,-0.16658925631875335,1.2510267951406597
2007-01-01,5.33,2.054514742382274,4.4,16611.69,-0.16000000000000014,3.275485257617726,9.717861943367756,,-0.14682711381798297,1.1873422514619867
2007-02-01,5.41,2.3914366248373398,4.4,16611.69,-0.4500000000000002,3.0185633751626604,9.717861943367756,,-0.15898190387747388,1.1152240468553092
2007-03-01,5.3,2.759763084754141,4.4,16611.69,-0.25,2.540236915245859,9.717861943367756,,-0.163378138549865,1.0358598723707952
2007-04-01,5.29,2.559878494901735,4.5,16713.314,-0.16000000000000014,2.730121505098265,9.723960926282437,,-0.19970213335880363,0.9535494015524313
2007-05-01,5.28,2.6738184762487016,4.5,16713.314,0.3000000000000007,2.6061815237512986,9.723960926282437,,-0.20545696378212808,0.8639972492400706
2007-06-01,5.31,2.657148166818324,4.5,16713.314,0.35000000000000053,2.6528518331816757,9.723960926282437,,-0.20652955235543932,0.7665375827377229
2007-07-01,5.28,2.291435522260432,4.7,16809.587,-0.040000000000000036,2.988564477739568,9.729704657391745,,-0.30090227919980517,0.6605689432116736
2007-08-01,4.96,1.8796714465866948,4.7,16809.587,0.6299999999999999,3.080328553413305,9.729704657391745,,-0.31881474937589144,0.5391460833789108
2007-09-01,4.58,2.7944163782901654,4.7,16809.587,0.8699999999999997,1.7855836217098346,9.729704657391745,,-0.32902407899541913,0.3985391576804178
2007-10-01,4.6,3.547040458223716,4.7,16915.191,0.6400000000000006,1.0529595417762838,9.73596737290394,,-0.30272243204441,0.24928901712576162
2007-11-01,4.66,4.2803396582697495,4.7,16915.191,0.8900000000000001,0.37966034173025065,9.73596737290394,,-0.2935918761346372,0.09636704686323017
2007-12-01,3.06,4.026644880051222,4.7,16915.191,0.75,-0.9666448800512222,9.73596737290394,,-0.3312290969774927,-0.05518579345941643
2008-01-01,3.22,4.205031811145332,4.7,16843.003,1.75,-0.985031811145332,9.731690597313907,,-0.2738509447212993,-0.1955552974909297
2008-02-01,3.01,4.059437761536788,4.7,16843.003,1.7199999999999998,-1.0494377615367885,9.731690597313907,,-0.2830583793482334,-0.32668683662028314
2008-03-01,2.51,3.8979372014913416,4.7,16843.003,2.09,-1.3879372014913418,9.731690597313907,,-0.2938739341576765,-0.45066124351192877
2008-04-01,2.37,3.8294909498422847,4.7,16943.291,2.3600000000000003,-1.4594909498422846,9.737627223245223,,-0.284314037361521,-0.5668290496457822
2008-05-01,1.98,4.007048490962273,4.7,16943.291,2.2099999999999995,-2.027048490962273,9.737627223245223,,-0.3070490458442168,-0.6763440324751319
2008-06-01,2.47,4.818013152732981,5.6,16943.291,2.12,-2.3480131527329804,9.737627223245223,,-0.692897816954206,-0.7670623796943998
2008-07-01,2.09,5.351718445415354,5.6,16854.295,2.3400000000000003,-3.2617184454153545,9.73236079944244,,-0.7254113523975048,-0.8418559078270663
2008-08-01,1.94,5.171936664573984,5.6,16854.295,2.14,-3.231936664573984,9.73236079944244,,-0.7082583792123136,-0.8930491052340789
2008-09-01,2.03,4.834549269997446,5.6,16854.295,2.95,-2.804549269997446,9.73236079944244,,-0.704061101081727,-0.921975073738708
2008-10-01,0.22,3.663138189931736,5.6,16485.35,3.57,-3.443138189931736,9.710227386702954,,-0.7629104752092024,-0.9326616338917776
2008-11-01,0.52,1.09391237236256,5.6,16485.35,2.9200000000000004,-0.5739123723625599,9.710227386702954,,-0.7003970433353849,-0.9204246780607592
2008-12-01,0.14,-0.022230473340467682,5.6,16485.35,2.14,0.1622304733404677,9.710227386702954,,-0.761765006189475,-0.9146753158228793
2009-01-01,0.23,-0.11365057683114799,5.6,16298.262,2.63,0.34365057683114797,9.698813755343052,,-0.8077384524857792,-0.9232617558899109
2009-02-01,0.22,0.008462782567963956,8.3,16298.262,2.76,0.21153721743203605,9.698813755343052,,-2.0602693783047834,-0.9211695456789908
2009-03-01,0.16,-0.4474784608338389,8.7,16298.262,2.5,0.6074784608338389,9.698813755343052,,-2.284864615564924,-0.9185936724861363
2009-04-01,0.2,-0.5779915821649162,8.7,16269.145,3.02,0.7779915821649162,9.697025648125424,,-2.2962121709824674,-0.9226186770990494
2009-05-01,0.19,-1.0209555557125327,8.7,16269.145,3.33,1.2109555557125327,9.697025648125424,,-2.2991973934985808,-0.9353135567624604
2009-06-01,0.22,-1.2367914498850219,8.7,16269.145,3.34,1.4567914498850218,9.697025648125424,,-2.3047231777171877,-0.9616881384925533
2009-07-01,0.18,-1.9781989747510664,8.7,16326.281,3.34,2.1581989747510666,9.700531419672563,,-2.3088467459040105,-1.005042076315121
2009-08-01,0.15,-1.4949545348335924,8.7,16326.281,3.25,1.6449545348335923,9.700531419672563,,-2.3222971492238247,-1.0738882910712275
2009-09-01,0.07,-1.3875246181172862,8.7,16326.281,3.17,1.4575246181172863,9.700531419672563,,-2.3173569276429937,-1.1643431040579855
2009-10-01,0.11,-0.22421947830295608,8.7,16502.754,3.3600000000000003,0.33421947830295606,9.711282555051808,,-2.33430009361102,-1.275891683180108
2009-11-01,0.13,1.896489585471972,9.9,16502.754,3.15,-1.7664895854719722,9.711282555051808,,-2.8743912511568936,-1.3867556006875925
2009-12-01,0.05,2.7752542063598895,9.9,16502.754,3.79,-2.7252542063598897,9.711282555051808,,-2.8645616811242025,-1.4834769376955557
2010-01-01,0.12,2.5873489607178612,9.9,16582.71,3.55,-2.467348960717861,9.716115865272487,,-2.84537765161463,-1.5578473678496412
2010-02-01,0.13,2.1285217498988374,9.9,16582.71,3.48,-1.9985217498988375,9.716115865272487,,-2.8501868982065472,-1.6140225220093474
2010-03-01,0.09,2.260430128615809,9.9,16582.71,3.6799999999999997,-2.170430128615809,9.716115865272487,,-2.8607085322794634,-1.6582902373624848
2010-04-01,0.2,2.1827739611836705,9.9,16743.162,3.53,-1.9827739611836706,9.725745215095095,,-2.854629071283834,-1.6899995354075872
2010-05-01,0.19,1.983742011461409,9.9,16743.162,3.15,-1.793742011461409,9.725745215095095,,-2.8601964882055277,-1.711735355883368
2010-06-01,0.09,1.1153177381444834,9.9,16743.162,2.79,-1.0253177381444833,9.725745215095095,,-2.8639184462284306,-1.7260725940668722
2010-07-01,0.18,1.3318695897958754,9.9,16872.266,2.79,-1.1518695897958755,9.733426487800099,,-2.8665153687999916,-1.7418598194488584
2010-08-01,0.21,1.1436132834318435,9.5,16872.266,2.33,-0.9336132834318436,9.733426487800099,,-2.681646651700121,-1.76218454692264
2010-09-01,0.15,1.1121053678139425,9.5,16872.266,2.3699999999999997,-0.9621053678139425,9.733426487800099,,-2.6813573389374667,-1.7874650201139621
2010-10-01,0.2,1.1599417381349397,9.5,16960.864,2.51,-0.9599417381349398,9.73866385144455,,-2.678461336718386,-1.8180069467019753
2010-11-01,0.2,1.0787057695652358,9.5,16960.864,2.64,-0.8787057695652358,9.73866385144455,,-2.6796003066797147,-1.8544491526896731
2010-12-01,0.13,1.4275547979703873,9.5,16960.864,3.1799999999999997,-1.2975547979703874,9.73866385144455,,-2.684324350026948,-1.8984142942748807
2011-01-01,0.17,1.6864820984663353,9.5,16920.632,3.27,-1.5164820984663354,9.7362889847085,,-2.676047088767675,-1.9464724228942702
2011-02-01,0.16,2.1026370112833703,9.5,16920.632,3.27,-1.9426370112833704,9.7362889847085,0.016694088851458844,-2.675046236820081,-1.997170849071474
2011-03-01,0.1,2.5855268252593433,9.5,16920.632,3.3800000000000003,-2.485526825259343,9.7362889847085,0.016420415263729282,-2.671192369173641,-2.0469734467230816
2011-04-01,0.09,3.0308370223773196,9.5,17035.114,3.28,-2.9408370223773197,9.743032022177166,0.022789848656065814,-2.65506468894046,-2.0912618391892925
2011-05-01,0.1,3.4004941179468062,9.0,17035.114,2.9899999999999998,-3.300494117946806,9.743032022177166,0.022428105026603973,-2.4186723181639302,-2.1309993388377473
2011-06-01,0.07,3.442382405719613,9.0,17035.114,3.1500000000000004,-3.372382405719613,9.743032022177166,0.022077665885563036,-2.406357823676272,-2.160194568421456
2011-07-01,0.11,3.517292591450172,9.0,17031.313,2.7199999999999998,-3.407292591450172,9.742808869921381,0.021518290343166768,-2.403710488767843,-2.1785921884718213
2011-08-01,0.08,3.6862126476173707,9.0,17031.313,2.21,-3.6062126476173706,9.742808869921381,0.02119225564099736,-2.4056773436945895,-2.1861341383513615
2011-09-01,0.06,3.7417373621400074,9.0,17031.313,1.9,-3.6817373621400074,9.742808869921381,0.020875953317997187,-2.402774457899493,-2.1808685274055666
2011-10-01,0.09,3.4616554596579974,9.0,17222.583,2.16,-3.3716554596579975,9.753976766732846,0.03157261703932335,-2.399461209280121,-2.1618741011663305
2011-11-01,0.1,3.3932062617840764,9.0,17222.583,2.0700000000000003,-3.2932062617840763,9.753976766732846,0.031115042879333643,-2.4042925209088906,-2.132022576615906
2011-12-01,0.04,3.01612114209604,9.0,17222.583,1.8699999999999999,-2.97612114209604,9.753976766732846,0.030670542266770795,-2.3953771017406176,-2.091784782210561
2012-01-01,0.11,2.9643908697416066,8.3,17367.01,1.77,-2.8543908697416067,9.762327708551636,0.03847188571815785,-2.0752722170133486,-2.050784282365073
2012-02-01,0.1,2.856975448285848,8.3,17367.01,1.9,-2.7569754482858477,9.762327708551636,0.03793755397207477,-2.0672919017173355,-2.0053717886525835
2012-03-01,0.09,2.55008252286002,8.3,17367.01,2.16,-2.46008252286002,9.762327708551636,0.03741786145190851,-2.0657177820848402,-1.9555491043502102
2012-04-01,0.16,2.2477119945619073,8.2,17444.525,1.8499999999999999,-2.087711994561907,9.766781124817959,0.041305449640958614,-2.021011808405785,-1.9044803467981772
2012-05-01,0.16,1.7230134384217166,8.2,17444.525,1.52,-1.5630134384217167,9.766781124817959,0.04075471031241129,-2.025152828513574,-1.8544800027138582
2012-06-01,0.09,1.6403429586643092,8.2,17444.525,1.5799999999999998,-1.5503429586643092,9.766781124817959,0.04021846412409147,-2.035139366445485,-1.81010022783322
2012-07-01,0.13,1.407558729848013,8.2,17469.65,1.4,-1.277558729848013,9.76822036858282,0.04111669869558909,-2.0317841596901474,-1.77070330203432
2012-08-01,0.13,1.67188077526923,8.2,17469.65,1.48,-1.54188077526923,9.76822036858282,0.040589561532826224,-2.037305718339476,-1.7382772365595294
2012-09-01,0.09,1.9309534160266928,8.2,17469.65,1.5499999999999998,-1.8409534160266927,9.76822036858282,0.040075769614688284,-2.0344624725429856,-1.709301344582197
2012-10-01,0.18,2.1327719237691944,8.2,17489.852,1.6099999999999999,-1.9527719237691945,9.769376105998571,0.04071611319255908,-2.026087274056804,-1.6799568936279279
2012-11-01,0.16,1.7800818183119738,8.2,17489.852,1.54,-1.6200818183119738,9.769376105998571,0.04021344512845282,-2.025200454961984,-1.6482573947006682
2012-12-01,0.09,1.74420490055045,8.2,17489.852,1.73,-1.65420490055045,9.769376105998571,0.03972303726103199,-2.031809533348904,-1.6170362785550298
2013-01-01,0.15,1.6700386614722618,8.2,17662.4,1.95,-1.5200386614722619,9.779193365264087,0.04894342548405817,-2.027680243856772,-1.5854004802856667
2013-02-01,0.14,1.9980459426809816,8.2,17662.4,1.7799999999999998,-1.8580459426809814,9.779193365264087,0.04836076565686831,-2.0319031361171143,-1.5539888188995588
2013-03-01,0.09,1.5073297321459123,8.2,17662.4,1.8,-1.4173297321459122,9.779193365264087,0.047791815472669086,-2.0258772067602475,-1.5185378357905415
2013-04-01,0.14,1.1323724421044012,8.2,17709.671,1.65,-0.9923724421044012,9.781866153529224,0.049877806019924975,-2.0291061180576078,-1.4830044788085495
2013-05-01,0.09,1.3808115942114618,8.2,17709.671,2.12,-1.2908115942114617,9.781866153529224,0.04930449790475322,-2.039126156603646,-1.451141250092941
2013-06-01,0.07,1.7012400261643634,8.2,17709.671,2.48,-1.6312400261643634,9.781866153529224,0.048744219519472054,-2.0345027511988487,-1.4191604301717893
2013-07-01,0.09,1.8679171018338714,8.2,17860.45,2.56,-1.7779171018338713,9.790344050081721,0.056579170947564705,-2.02724704138884,-1.382668388615528
2013-08-01,0.07,1.5270898906586616,8.2,17860.45,2.75,-1.4570898906586616,9.790344050081721,0.0559505134925935,-2.0084522910508285,-1.3395453642032904
2013-09-01,0.06,1.088785270925996,7.2,17860.45,2.62,-1.028785270925996,9.790344050081721,0.05533567268498274,-1.552358131521581,-1.3022826433906722
2013-10-01,0.07,0.8729775818349772,7.2,18016.147,2.53,-0.8029775818349771,9.799023690319984,0.06331949430451367,-1.5419652145993712,-1.2689608041834153
2013-11-01,0.07,1.2253322438004588,7.2,18016.147,2.69,-1.1553322438004587,9.799023690319984,0.06263863952704618,-1.5382289520954542,-1.2412927914190495
2013-12-01,0.07,1.5015090867017022,6.7,18016.147,2.97,-1.4315090867017022,9.799023690319984,0.061972271021438985,-1.303155695643174,-1.2199227418798593
2014-01-01,0.07,1.545750281811209,6.7,17953.974,2.65,-1.475750281811209,9.795566762170324,0.05789939189418192,-1.2902901540703187,-1.198458724826105
2014-02-01,0.06,1.1142438176857894,6.7,17953.974,2.6100000000000003,-1.0542438176857893,9.795566762170324,0.05729627322861752,-1.2879965718041637,-1.1758116212069845
2014-03-01,0.06,1.5998291291059452,6.7,17953.974,2.68,-1.5398291291059452,9.795566762170324,0.05670558999945641,-1.2958047190384596,-1.1559574717302668
2014-04-01,0.09,1.995090359296281,6.7,18185.911,2.64,-1.905090359296281,9.808402452399474,0.06883167532831358,-1.2876960628684446,-1.1333439817142585
2014-05-01,0.08,2.1438031323914863,6.7,18185.911,2.44,-2.0638031323914863,9.808402452399474,0.06813640588055314,-1.2730204021369682,-1.1036281814238107
2014-06-01,0.09,2.0380712080756425,6.1,18185.911,2.4899999999999998,-1.9480712080756424,9.808402452399474,0.06745504182174855,-0.9934910107793823,-1.0704023332607153
2014-07-01,0.08,1.9550025496311463,6.1,18406.941,2.5500000000000003,-1.8750025496311462,9.820483100725255,0.07874820806686067,-0.9857855916345967,-1.030658168298863
2014-08-01,0.07,1.7005565715979998,6.1,18406.941,2.3200000000000003,-1.6305565715979997,9.820483100725255,0.07797616681130393,-0.9857463698383604,-0.9842224895286923
2014-09-01,0.07,1.6700280492135455,6.1,18406.941,2.5,-1.6000280492135455,9.820483100725255,0.07721911664808623,-0.9890628597714206,-0.9327052366665504
2014-10-01,0.07,1.596725913786301,6.1,18500.031,2.3400000000000003,-1.526725913786301,9.825527686740688,0.08147270552252373,-0.9889232488264352,-0.875348110006546
2014-11-01,0.08,1.2240034107743547,6.1,18500.031,2.16,-1.1440034107743546,9.825527686740688,0.08069677499373817,-0.9881788945231631,-0.8117056546328993
2014-12-01,0.06,0.6509977956253188,6.1,18500.031,2.13,-0.5909977956253187,9.825527686740688,0.07993548466360778,-0.992632574014926,-0.7445071706358014
2015-01-01,0.06,-0.2301957253808773,6.1,18666.621,1.66,0.2901957253808773,9.834492234617613,0.08806919111492029,-0.9887879637258894,-0.6785486833832859
2015-02-01,0.06,-0.0870693573011394,5.5,18666.621,1.98,0.1470693573011394,9.834492234617613,0.08725373564163519,-0.7259006360009421,-0.6279461669820662
2015-03-01,0.06,-0.02203371166791257,5.4,18666.621,1.91,0.08203371166791257,9.834492234617613,0.08645324265409648,-0.6679556733391108,-0.5877673295562708
2015-04-01,0.08,-0.10408513918598317,5.4,18782.243,2.04,0.18408513918598318,9.84066718120015,0.0917861147890271,-0.6634513393974406,-0.5557241865748365
2015-05-01,0.08,0.03502708304532476,5.4,18782.243,2.1100000000000003,0.04497291695467524,9.84066718120015,0.09095921285399022,-0.6653096823185648,-0.532137218648685
2015-06-01,0.08,0.17941077233718516,5.4,18782.243,2.3400000000000003,-0.09941077233718516,9.84066718120015,0.09014707702493752,-0.663066208945683,-0.5150112124463442
2015-07-01,0.08,0.22543182246153037,5.4,18857.418,2.12,-0.14543182246153036,9.84466164331584,0.09330842817478135,-0.660423052142474,-0.5023901506773965
2015-08-01,0.08,0.24101312842326195,5.4,18857.418,2.13,-0.16101312842326193,9.84466164331584,0.09248993319079268,-0.6593744519475992,-0.4934702804369934
2015-09-01,0.07,0.008842570667333405,5.4,18857.418,2.07,0.0611574293326666,9.84466164331584,0.09168567290217844,-0.6584012619892958,-0.48788790187224873
2015-10-01,0.07,0.12753519995021279,5.4,18892.206,2.08,-0.05753519995021278,9.846504735042945,0.09272248217558143,-0.6573183107657568,-0.4879986135956464
2015-11-01,0.08,0.43536910873953616,5.1,18892.206,1.99,-0.35536910873953614,9.846504735042945,0.09192998232792604,-0.5180021000569311,-0.49556754531955655
2015-12-01,0.2,0.6366935496003201,5.1,18892.206,2.11,-0.4366935496003201,9.846504735042945,0.09115091468108005,-0.5054946635056768,-0.5058740234318727
2016-01-01,0.29,1.2299080308038057,5.1,19001.69,1.6199999999999999,-0.9399080308038057,9.852283201561416,0.09611484858442942,-0.5053525480786755,-0.5180798681809987
2016-02-01,0.29,0.8437083293303616,5.1,19001.69,1.41,-0.5537083293303615,9.852283201561416,0.09531389151289105,-0.4980029242914557,-0.5270264786486768
2016-03-01,0.25,0.8876646705649804,5.1,19001.69,1.57,-0.6376646705649804,9.852283201561416,0.09406334571151298,-0.5054102978996458,-0.536941172908771
2016-04-01,0.3,1.1658037736477667,5.1,19062.709,1.61,-0.8658037736477666,9.85548929722409,0.09601371299019767,-0.4980956630500789,-0.5473727416869983
2016-05-01,0.29,1.0727023823578818,4.8,19062.709,1.5,-0.7827023823578818,9.85548929722409,0.09475798460620588,-0.3575808145164427,-0.5590431424247082
2016-06-01,0.3,1.0735038085898374,4.8,19062.709,1.23,-0.7735038085898374,9.85548929722409,0.09350225622221409,-0.35373893625072095,-0.5713469099114162
2016-07-01,0.3,0.8646147538590832,4.8,19197.938,1.19,-0.5646147538590831,9.862558156415194,0.0992689668364033,-0.3535340619885566,-0.5846129952954213
2016-08-01,0.3,1.0497862708119143,4.8,19197.938,1.25,-0.7497862708119143,9.862558156415194,0.09796681825948639,-0.3576973255533847,-0.6013619413462181
2016-09-01,0.29,1.5367755028160346,4.8,19197.938,1.32,-1.2467755028160346,9.862558156415194,0.0966646696825677,-0.35656912306524435,-0.619989066912727
2016-10-01,0.31,1.6718709909869567,4.8,19304.352,1.5,-1.3618709909869566,9.868085841701404,0.10091545714419148,-0.3480630878332508,-0.6355601858461384
2016-11-01,0.31,1.6703058710160867,4.8,19304.352,1.8900000000000001,-1.3603058710160867,9.868085841701404,0.09963855931960097,-0.3462627424447326,-0.6470690781263915
2016-12-01,0.55,2.0300531865359517,4.8,19304.352,1.9500000000000002,-1.4800531865359516,9.868085841701404,0.09836166149500869,-0.33885447671807717,-0.6549295106592469
2017-01-01,0.56,2.4794005969470234,4.7,19398.343,1.9300000000000002,-1.9194005969470234,9.87294292903244,0.10192640727883884,-0.2969880240533342,-0.6588172227336309
2017-02-01,0.57,2.771595651900416,4.7,19398.343,1.8299999999999998,-2.201595651900416,9.87294292903244,0.10063406573163469,-0.2888596626958251,-0.6535593809412658
2017-03-01,0.82,2.411875271120234,4.7,19398.343,1.65,-1.5918752711202342,9.87294292903244,0.09934172418442877,-0.2758368660508793,-0.6360846610724046
2017-04-01,0.83,2.152881766915282,4.7,19506.949,1.5,-1.3228817669152821,9.878526040045418,0.10363679258271574,-0.28976589543418513,-0.6122962356415129
2017-05-01,0.83,1.8393234242362055,4.7,19506.949,1.25,-1.0093234242362055,9.878526040045418,0.10234874996802468,-0.2936037135257326,-0.5847547252310357
2017-06-01,1.06,1.6272539252383034,4.7,19506.949,1.3,-0.5672539252383033,9.878526040045418,0.10106070735333184,-0.29131892131401727,-0.5564340219297663
2017-07-01,1.07,1.7103963201701156,4.7,19660.766,1.2499999999999998,-0.6403963201701155,9.886380355302267,0.10760939179425932,-0.30310703761629565,-0.5313242380614465
2017-08-01,1.07,1.9097688270304225,4.7,19660.766,1.1300000000000001,-0.8397688270304224,9.886380355302267,0.10630376097834038,-0.30249373286504627,-0.5082254890304848
2017-09-01,1.06,2.1571309611642775,4.7,19660.766,1.29,-1.0971309611642774,9.886380355302267,0.10499813016241788,-0.29194198526000525,-0.4846355251100631
2017-10-01,1.07,2.0006113975012063,4.2,19882.352,1.25,-0.9306113975012063,9.89758778307166,0.11485872118041307,-0.05663438638282481,-0.4622589133963325
2017-11-01,1.07,2.14923152856894,4.2,19882.352,1.17,-1.07923152856894,9.89758778307166,0.11351188442901616,-0.05143126256656774,-0.43942680354724317
2017-12-01,1.33,2.107564724618083,4.2,19882.352,1.0299999999999998,-0.7775647246180828,9.89758778307166,0.11216504767761926,-0.04078310205539892,-0.41414773135920535
2018-01-01,1.34,2.128504628435035,4.2,20044.077,1.2800000000000002,-0.788504628435035,9.90568897762083,0.11881625572423005,-0.05046716145798653,-0.38885461625617673
2018-02-01,1.35,2.2382325747230425,4.2,20044.077,1.2400000000000002,-0.8882325747230424,9.90568897762083,0.11736626922167126,-0.05013100565229814,-0.36300042544784045
2018-03-01,1.67,2.30419804576103,4.2,20044.077,1.0400000000000003,-0.6341980457610301,9.90568897762083,0.11591628271911425,-0.03602341779743858,-0.3352115529435099
2018-04-01,1.69,2.4409609642525254,4.0,20150.476,1.11,-0.7509609642525255,9.910983189924599,0.11976586196722039,0.04569233912143758,-0.3093208786583548
2018-05-01,1.7,2.7439291721927717,4.0,20150.476,0.9400000000000002,-1.0439291721927717,9.910983189924599,0.11832122891155983,0.050077441968256385,-0.2824635918182549
2018-06-01,1.91,2.768861466242001,4.0,20150.476,0.9600000000000002,-0.8588614662420009,9.910983189924599,0.11687659585589927,0.06440105479225756,-0.2510474959855589
2018-07-01,1.91,2.8141534173609095,3.8,20276.154,0.97,-0.9041534173609096,9.917200794749824,0.121553867386897,0.14932079215814248,-0.21812688731169286
2018-08-01,1.91,2.6086020438052415,3.8,20276.154,0.79,-0.6986020438052416,9.917200794749824,0.1200135340926689,0.15420774463541884,-0.18144328859275505
2018-09-01,2.18,2.3052782030269725,3.8,20276.154,0.8999999999999999,-0.12527820302697235,9.917200794749824,0.11847320079844081,0.16011846647970715,-0.14253160290467481
2018-10-01,2.2,2.4614877571210947,3.8,20304.874,0.8599999999999999,-0.2614877571210945,9.918616234733008,0.11815206704804027,0.14566389397738222,-0.1064973686717223
2018-11-01,2.2,2.124598297730884,3.8,20304.874,0.69,0.07540170226911602,9.918616234733008,0.11641549331445766,0.14862743997117,-0.07128496985423456
2018-12-01,2.4,1.9825969223167483,3.8,20304.874,0.29000000000000004,0.4174030776832516,9.918616234733008,0.11467891958087328,0.14989571214685218,-0.039843794795701104
2019-01-01,2.4,1.4766332681220184,3.8,20431.641,0.27,0.9233667318779815,9.924840007640276,0.11901914038566197,0.14186097665044342,-0.015079706026048953
2019-02-01,2.4,1.5074423162215744,3.8,20431.641,0.33000000000000007,0.8925576837784255,9.924840007640276,0.11713558828318682,0.13352724776683092,-0.00198614467287693
2019-03-01,2.43,1.865673916713817,3.8,20431.641,0.06000000000000005,0.5643260832861832,9.924840007640276,0.1152520361807099,0.13398306060504822,-5.1065508750209807e-05
2019-04-01,2.45,1.980834757598604,3.8,20602.275,0.1299999999999999,0.4691652424013961,9.933156785573171,0.12160105463487447,0.1392345500789114,-0.005695071252795135
2019-05-01,2.4,1.779974595956002,3.8,20602.275,-0.1599999999999997,0.6200254040439979,9.933156785573171,0.1196332951561434,0.13973840398220017,-0.01792741847213665
2019-06-01,2.4,1.6573840904157144,3.8,20602.275,-0.08000000000000007,0.7426159095842855,9.933156785573171,0.11766553567741234,0.1386303538331561,-0.03866481973454418
2019-07-01,2.4,1.8098542197341416,3.8,20843.322,-0.020000000000000018,0.5901457802658583,9.944788888154081,0.1272621593543093,0.13593516122646887,-0.06968510374035752
2019-08-01,2.13,1.7227168654438962,3.8,20843.322,-0.44999999999999996,0.40728313455610365,9.944788888154081,0.12522668045029484,0.1350092808017328,-0.10999885836704058
2019-09-01,1.9,1.6704673825508998,3.5,20843.322,-0.16000000000000014,0.22953261744910014,9.944788888154081,0.12319120154628393,0.2742245078335446,-0.16157615443811468
2019-10-01,1.58,1.7191119291485535,3.5,20985.448,0.17999999999999994,-0.13911192914855341,9.951584524122135,0.12798432110541746,0.27680204998575764,-0.22178922403026202
2019-11-01,1.56,2.070702599713048,3.5,20985.448,0.21999999999999997,-0.5107025997130479,9.951584524122135,0.1259818046964991,0.28609220901249777,-0.2880521655885655
2019-12-01,1.55,2.2930353112747603,3.6,20985.448,0.3999999999999999,-0.7430353112747603,9.951584524122135,0.1239792882875772,0.24550749746345898,-0.3566829524310468
2020-01-01,1.59,2.566548531176416,3.6,20693.238,-0.010000000000000009,-0.9765485311764157,9.937562259219616,0.10811163676883417,0.2473617020843512,-0.42720757261574904
2020-02-01,1.58,2.3143283045387264,3.6,20693.238,-0.1200000000000001,-0.7343283045387263,9.937562259219616,0.10626625015260771,0.2360031276550684,-0.49832151309894007
2020-03-01,0.08,1.4829891206053603,4.4,20693.238,0.59,-1.4029891206053602,9.937562259219616,0.10442086353638125,-0.17775823142078198,-0.5652531703113701
2020-04-01,0.05,0.3125583212112204,4.4,19056.617,0.55,-0.2625583212112204,9.855169669324486,0.020949736522673845,-0.1472067651560171,-0.6282560893839143
2020-05-01,0.05,0.19800514395234003,4.4,19056.617,0.51,-0.14800514395234005,9.855169669324486,0.019871199404095208,-0.16487232526561266,-0.7006018676254874
2020-06-01,0.08,0.7141005055379956,4.4,19056.617,0.5,-0.6341005055379957,9.855169669324486,0.01879266228551657,-0.16862302205222526,-0.7853231940616484
2020-07-01,0.1,0.9919288416800676,4.4,20548.793,0.4600000000000001,-0.8919288416800676,9.930557483406238,0.09253771807055244,-0.16234584257787452,-0.8790912074299453
2020-08-01,0.09,1.2729335637454042,4.4,20548.793,0.61,-1.1829335637454041,9.930557483406238,0.09089495977383422,-0.16035286541829857,-0.9810854747253162
2020-09-01,0.09,1.3814369605231747,4.4,20548.793,0.59,-1.2914369605231746,9.930557483406238,0.08925220147711599,-0.15782729653764585,-1.0903687001443747
2020-10-01,0.09,1.2228786101180944,4.4,20771.691,0.79,-1.1328786101180943,9.941346329059225,0.09835202648331531,-0.19295947892308649,-1.2073494170941506
2020-11-01,0.09,1.1688870339403579,6.7,20771.691,0.76,-1.0788870339403578,9.941346329059225,0.09666300583652365,-1.2534818822222915,-1.3132902210920745
2020-12-01,0.09,1.3117775848018987,6.7,20771.691,0.8400000000000001,-1.2217775848018986,9.941346329059225,0.09497398518973732,-1.2924712814040544,-1.424419126246692
2021-01-01,0.07,1.3462176684101657,6.7,21058.379,1.05,-1.2762176684101656,9.955053812165277,0.10685842806698176,-1.2933444438188182,-1.542118446042851
2021-02-01,0.07,1.653752235152517,6.7,21058.379,1.4,-1.5837522351525168,9.955053812165277,0.10503538783817667,-1.2942578981776922,-1.6683901742823735
2021-03-01,0.06,2.589818557333068,6.7,21058.379,1.71,-2.529818557333068,9.955053812165277,0.10321234760936804,-1.2935932814016609,-1.8026502472821417
2021-04-01,0.05,4.054074012380138,6.7,21389.005,1.64,-4.004074012380138,9.97063228393045,0.11689415052659768,-1.283610106917258,-1.9375833609605622
2021-05-01,0.05,4.808960039366905,6.7,21389.005,1.57,-4.758960039366905,9.97063228393045,0.11499748167865498,-1.2623154520629922,-2.060147518346935
2021-06-01,0.08,5.180864153386899,6.7,21389.005,1.4,-5.100864153386899,9.97063228393045,0.1131008128307105,-1.2500291027825927,-2.1646678461137228
2021-07-01,0.07,5.135038540661618,6.7,21571.421,1.18,-5.065038540661618,9.97912461574831,0.11962384676667881,-1.2209979939642457,-2.25014940137219
2021-08-01,0.06,5.051556217832154,5.1,21571.421,1.26,-4.991556217832154,9.97912461574831,0.11765454888478644,-0.4874252676532833,-2.3348043712921385
2021-09-01,0.06,5.224631266140722,5.1,21571.421,1.48,-5.164631266140723,9.97912461574831,0.11568525100289584,-0.464891904893067,-2.4120502193915305
2021-10-01,0.07,6.040427962072492,5.1,21960.388,1.5,-5.970427962072492,9.996995563955542,0.1315310425666052,-0.46434283629405304,-2.481392220667877
2021-11-01,0.07,6.640140539349737,5.1,21960.388,1.38,-6.570140539349737,9.996995563955542,0.12950588592308243,-0.45386405927521545,-2.5356435526582866
2021-12-01,0.07,6.914779470677956,5.1,21960.388,1.46,-6.844779470677956,9.996995563955542,0.12748072927956144,-0.44527617903802713,-2.5693974521933747
2022-01-01,0.08,7.304674640925413,5.1,21903.85,1.55,-7.224674640925413,9.994417699440502,0.12296878150711343,-0.44201703130398357,-2.580310382683423
2022-02-01,0.08,7.649075370679181,5.1,21903.85,1.46,-7.569075370679181,9.994417699440502,0.1210346982497068,-0.4371017943330217,-2.5644695684328065
2022-03-01,0.33,8.195577028061951,5.1,21903.85,1.8099999999999998,-7.865577028061951,9.994417699440502,0.11910061499230018,-0.42486505385017914,-2.517902707645365
2022-04-01,0.33,7.913609754079243,5.1,21919.222,2.06,-7.583609754079243,9.995119247731342,0.11789934559219262,-0.39988576581587304,-2.436672457082559
2022-05-01,0.83,8.185692295630442,3.6,21919.222,1.7200000000000002,-7.355692295630442,9.995119247731342,0.11599652790124892,0.2997381586946246,-2.3373208109247994
2022-06-01,1.58,8.617125715539586,3.6,21919.222,1.32,-7.037125715539586,9.995119247731342,0.11409371021030523,0.3316277838833881,-2.2115527103620662
2022-07-01,2.32,8.109856427691309,3.6,22066.784,0.33000000000000007,-5.7898564276913085,10.001828770463398,0.11885649626002248,0.3356193935033788,-2.0597764448163467
2022-08-01,2.33,7.896140074454561,3.6,22066.784,0.2799999999999998,-5.566140074454561,10.001828770463398,0.11690975957768401,0.3022640898977561,-1.89168330559877
2022-09-01,3.08,7.8864335965776355,3.6,22066.784,0.6099999999999999,-4.8064335965776355,10.001828770463398,0.11496302289534377,0.32096693635617335,-1.7068839830653937
2022-10-01,3.08,7.4710932565496435,3.6,22249.459,0.040000000000000036,-4.391093256549643,10.01007297269204,0.1212014179015437,0.29685658743544724,-1.5089278518742022
2022-11-01,3.83,6.888574919336055,3.6,22249.459,-0.5899999999999994,-3.0585749193360545,10.01007297269204,0.1191956106790979,0.3154908317607481,-1.2987663451918743
2022-12-01,4.33,6.2137187217222944,3.6,22249.459,-0.41999999999999993,-1.8837187217222944,10.01007297269204,0.11718980345665209,0.2984428007455946,-1.0859076648920571
2023-01-01,4.33,6.14741085232744,3.5,22403.435,-1.06,-1.8174108523274395,10.01696957430078,0.12210493665675415,0.31651672192418334,-0.8793045256035232
2023-02-01,4.57,5.786928784083045,3.5,22403.435,-0.7999999999999998,-1.216928784083045,10.01696957430078,0.1201234682481136,0.32693883665333334,-0.6750931174914033
2023-03-01,4.83,4.8136127874860435,3.5,22403.435,-1.1999999999999997,0.016387212513956584,10.01696957430078,0.11814199983947482,0.32501091065089516,-0.4752256279150342
2023-04-01,4.83,4.828477446311208,3.5,22539.418,-1.5100000000000002,0.001522553688792172,10.023020966497318,0.12218376859461166,0.301652807652243,-0.28847070490385873
2023-05-01,5.08,4.042493528049018,3.5,22539.418,-1.6199999999999997,1.037506471950982,10.023020966497318,0.12017414515321079,0.3131370665984061,-0.11107972330946791
2023-06-01,5.08,3.013391192920434,3.5,22539.418,-1.3599999999999999,2.0666088070795663,10.023020966497318,0.11816452171181169,0.29638798728936955,0.04990373147124971
2023-07-01,5.33,3.227673833713496,3.5,22780.933,-1.31,2.1023261662865043,10.033679193142266,0.1267949554979193,0.2876134871774133,0.18659426698813797
2023-08-01,5.33,3.651162253032947,3.5,22780.933,-1.2300000000000004,1.6788377469670532,10.033679193142266,0.12476716263908116,0.2819651553472507,0.30164111630067236
2023-09-01,5.33,3.6284506061438293,3.5,22780.933,-0.7300000000000004,1.7015493938561708,10.033679193142266,0.1227393697802448,0.28426134620639903,0.40217996538696454
2023-10-01,5.33,3.1949510256131575,3.9,22960.6,-0.4500000000000002,2.1350489743868426,10.041534982496238,0.12857423169941384,0.10301683736243536,0.4942509308914853
2023-11-01,5.33,3.0915703031044295,3.9,22960.6,-0.8799999999999999,2.2384296968955706,10.041534982496238,0.12655330426460942,0.09113000612765139,0.5729309306179586
2023-12-01,5.33,3.2682077104079,3.9,22960.6,-1.3200000000000003,2.0617922895921,10.041534982496238,0.12453237682980856,0.08967180311501087,0.6386936477384709
2024-01-01,5.33,3.060623983598454,3.9,23053.545,-1.2299999999999995,2.269376016401546,10.045574832694832,0.12648882644069914,0.09410291068490456,0.6948452020617948
2024-02-01,5.33,3.117323821836493,3.9,23053.545,-1.0,2.212676178163507,10.045574832694832,0.12440542585299497,0.09144509900546391,0.7404450639688188
2024-03-01,5.33,3.410187881841953,3.9,23053.545,-1.0300000000000002,1.9198121181580472,10.045574832694832,0.12232202526529079,0.09218409093356662,0.7770847023948821
2024-04-01,5.33,3.299025864910554,3.9,23223.906,-0.5599999999999996,2.030974135089446,10.052937458159244,0.12764685901503725,0.09795542209259919,0.8087139780605765
2024-05-01,5.33,3.187520853044834,3.9,23223.906,-0.7400000000000002,2.142479146955166,10.052937458159244,0.12560906730037402,0.09710459430504506,0.8348964886033015
2024-06-01,5.33,2.9268327046257703,3.9,23223.906,-0.8599999999999994,2.40316729537423,10.052937458159244,0.12357127558570724,0.09636216132801202,0.854980277154487
2024-07-01,5.33,2.8961180071280346,3.9,23400.294,-1.0600000000000005,2.4338819928719655,10.06050386536943,0.12913750975719474,0.09235393152566565,0.8665942878109728
2024-08-01,5.33,2.5774115674378706,3.9,23400.294,-1.0700000000000003,2.7525884325621295,10.06050386536943,0.12713733671849248,0.08924031051117971,0.8696710837958854
2024-09-01,4.83,2.4034263869276096,4.1,23400.294,-0.7099999999999995,2.4265736130723905,10.06050386536943,0.12513716367979022,-0.021955187765698207,0.8631673518160698
2024-10-01,4.83,2.538898954458979,4.1,23542.349,-0.16000000000000014,2.291101045541021,10.066556163431398,0.12918089110266884,-0.010247932741236192,0.8488181835109584
2024-11-01,4.58,2.6779880539840484,4.1,23542.349,-0.20999999999999996,1.9020119460159517,10.066556163431398,0.12717232046357907,-0.01563379883425941,0.8280857418709573
2024-12-01,4.33,2.8318871406153967,4.1,23542.349,0.34999999999999964,1.4981128593846034,10.066556163431398,0.12516374982449108,-0.011952112578697837,0.8046788913896479
2025-01-01,4.33,2.9553098466356786,4.1,23512.717,0.3799999999999999,1.3746901533643214,10.065296702700138,0.12198091852587467,-0.0003563629873488301,0.7823566532891713
2025-02-01,4.33,2.77539742583075,4.1,23512.717,0.040000000000000036,1.55460257416925,10.065296702700138,0.12005754795852219,0.002352929718445671,0.7620887447241648
2025-03-01,4.33,2.377106872389234,4.1,23512.717,0.020000000000000462,1.952893127610766,10.065296702700138,0.11813417739116794,0.00033203041182450904,0.7415067736049089
2025-04-01,4.33,2.3069310555579925,4.1,23703.782,-0.03000000000000025,2.0230689444420076,10.07338989245107,0.12428801121500932,-0.006362473141170874,0.7158497336231595
2025-05-01,4.33,2.348148031435837,4.1,23703.782,0.16000000000000014,1.981851968564163,10.07338989245107,0.12234865528791872,-0.008102914355294574,0.6837171534608045
2025-06-01,4.33,2.637591034548059,4.1,23703.782,0.0,1.692408965451941,10.07338989245107,0.12040929936082634,-0.008559756746086385,0.6448398883498192
2025-07-01,4.33,2.69515351998173,4.1,23703.782,0.1299999999999999,1.63484648001827,10.07338989245107,0.11850323061803358,-0.004291986044687092,0.6014691018526312
2025-08-01,4.33,2.515130307320401,4.1,23703.782,0.1800000000000006,1.8148696926795989,10.07338989245107,0.11659716187523905,-0.0039775154880604645,0.5533304972599932
2025-09-01,4.33,2.2861888385708795,4.1,23703.782,0.1800000000000006,2.0438111614291206,10.07338989245107,0.11469109313244452,-0.03274082737138706,0.49799744753399383
